ip,prefixlength
27.100.4.0,22
27.116.56.0,22
42.99.116.0,22
43.225.28.0,22
43.229.120.0,22
43.240.92.0,22
43.243.48.0,22
43.243.100.0,22
43.243.104.0,22
43.243.112.0,22
43.246.212.0,22
43.249.16.0,22
43.249.40.0,22
43.249.88.0,22
43.250.235.0,24
43.251.228.0,22
43.252.224.0,22
45.125.104.0,22
45.127.96.0,22
45.249.128.0,22
45.249.140.0,22
45.249.172.0,22
45.249.176.0,22
45.249.228.0,22
45.252.60.0,22
45.254.44.0,22
45.254.232.0,22
59.191.232.0,21
85.217.216.0,22
103.2.188.0,22
103.3.232.0,22
103.7.104.0,22
103.10.10.0,24
103.10.57.0,24
103.11.244.0,22
103.14.149.0,24
103.14.200.0,22
103.14.230.0,24
103.17.12.0,22
103.17.19.0,24
103.17.193.0,24
103.17.248.0,24
103.21.64.0,23
103.22.208.0,24
103.23.247.0,24
103.29.42.0,24
103.31.140.0,22
103.31.220.0,22
103.35.200.0,22
103.36.88.0,22
103.40.225.0,24
103.43.12.0,22
103.44.20.0,22
103.46.198.0,24
103.48.26.0,24
103.48.28.0,23
103.48.144.0,22
103.51.102.0,24
103.52.212.0,24
103.54.200.0,22
103.55.24.0,22
103.59.32.0,22
103.64.20.0,22
103.64.136.0,22
103.65.234.0,23
103.67.166.0,24
103.68.106.0,24
103.68.198.0,24
103.69.48.0,22
103.69.52.0,22
103.69.56.0,22
103.69.76.0,22
103.69.80.0,22
103.69.84.0,22
103.69.92.0,22
103.69.96.0,22
103.69.100.0,22
103.69.104.0,22
103.69.109.0,24
103.70.92.0,22
103.70.112.0,22
103.70.116.0,22
103.70.120.0,22
103.70.184.0,22
103.71.244.0,22
103.76.48.0,23
103.76.124.0,24
103.77.15.0,24
103.77.184.0,24
103.79.176.0,22
103.80.53.0,24
103.83.18.0,23
103.89.167.0,24
103.90.36.0,22
103.90.211.0,24
103.93.92.0,24
103.95.205.0,24
103.97.250.0,24
103.98.4.0,22
103.98.12.0,23
103.98.76.0,23
103.101.64.0,24
103.102.39.0,24
103.105.218.0,24
103.106.66.0,23
103.107.48.0,22
103.108.251.0,24
103.110.127.0,24
103.110.128.0,23
103.112.208.0,22
103.114.167.0,24
103.115.2.0,23
103.115.84.0,22
103.115.236.0,22
103.117.84.0,22
103.117.132.0,22
103.119.236.0,23
103.120.108.0,24
103.122.79.0,24
103.123.110.0,24
103.125.156.0,22
103.126.140.0,22
103.126.188.0,22
103.126.232.0,22
103.126.241.0,24
103.127.106.0,23
103.127.116.0,22
103.128.0.0,16
103.129.13.0,24
103.129.14.0,23
103.131.82.0,24
103.131.222.0,24
103.133.88.0,22
103.134.148.0,22
103.135.44.0,23
103.136.212.0,23
103.137.57.0,24
103.140.110.0,23
103.140.169.0,24
103.140.194.0,23
103.141.76.0,24
103.142.20.0,24
103.142.66.0,23
103.142.150.0,23
103.142.152.0,23
103.143.186.0,23
103.143.248.0,23
103.144.162.0,23
103.144.214.0,24
103.144.238.0,23
103.145.152.0,23
103.145.166.0,24
103.145.230.0,23
103.146.6.0,23
103.146.116.0,24
103.146.166.0,23
103.147.108.0,23
103.148.106.0,23
103.148.122.0,23
103.148.134.0,23
103.149.4.0,23
103.149.150.0,23
103.149.167.0,24
103.149.218.0,24
103.150.10.0,23
103.150.71.0,24
103.150.253.0,24
103.151.154.0,24
103.152.21.0,24
103.152.125.0,24
103.153.98.0,23
103.154.186.0,23
103.154.192.0,23
103.155.58.0,23
103.155.60.0,23
103.155.86.0,23
103.155.96.0,24
103.156.24.0,23
103.156.221.0,24
103.157.200.0,23
103.157.222.0,23
103.158.13.0,24
103.158.18.0,24
103.158.74.0,23
103.158.80.0,23
103.158.112.0,23
103.158.114.0,23
103.158.116.0,23
103.158.118.0,23
103.158.134.0,23
103.158.184.0,23
103.158.236.0,23
103.159.86.0,23
103.159.172.0,23
103.159.210.0,23
103.160.0.0,23
103.161.0.0,24
103.161.1.0,24
103.161.8.0,23
103.161.10.0,23
103.161.12.0,23
103.161.36.0,23
103.161.154.0,23
103.161.156.0,23
103.161.243.0,24
103.162.38.0,23
103.162.192.0,23
103.164.226.0,23
103.166.2.0,24
103.167.252.0,23
103.168.162.0,24
103.169.143.0,24
103.170.98.0,23
103.170.218.0,23
103.171.229.0,24
103.172.184.0,23
103.172.192.0,23
103.172.218.0,23
103.173.145.0,24
103.173.160.0,23
103.173.246.0,23
103.174.154.0,23
103.174.186.0,23
103.174.250.0,24
103.175.126.0,24
103.176.0.0,23
103.177.18.0,24
103.177.75.0,24
103.178.10.0,23
103.182.248.0,24
103.187.183.0,24
103.193.240.0,22
103.198.0.0,24
103.198.4.0,22
103.203.148.0,22
103.204.12.0,24
103.204.60.0,22
103.206.159.0,24
103.209.188.0,23
103.210.0.0,22
103.212.60.0,22
103.212.104.0,22
103.214.168.0,22
103.215.14.0,24
103.215.104.0,22
103.216.104.0,22
103.216.156.0,22
103.218.120.0,22
103.218.136.0,22
103.218.172.0,22
103.218.176.0,22
103.218.224.0,22
103.224.72.0,22
103.224.214.0,23
103.226.219.0,24
103.227.104.0,22
103.231.34.0,23
103.231.144.0,22
103.231.164.0,22
103.231.237.0,24
103.234.13.0,24
103.235.90.0,23
103.236.116.0,23
103.237.82.0,24
103.239.105.0,24
103.241.176.0,23
103.242.100.0,22
103.243.100.0,22
103.244.92.0,22
103.244.104.0,22
103.245.145.0,24
103.246.105.0,24
103.247.189.0,24
103.248.201.0,24
103.249.156.0,22
103.249.216.0,22
103.249.224.0,23
103.249.226.0,24
103.250.12.0,22
103.251.46.0,24
103.251.176.0,22
103.254.231.0,24
110.44.164.0,22
113.52.232.0,21
118.26.180.0,22
118.26.184.0,22
119.63.3.0,24
119.63.4.0,22
119.63.8.0,21
137.76.0.0,16
138.71.0.0,16
138.213.0.0,16
139.5.32.0,22
139.5.208.0,22
143.136.0.0,16
143.171.0.0,16
143.218.0.0,16
146.117.0.0,16
156.16.0.0,16
157.81.0.0,16
157.119.0.0,22
160.234.0.0,16
160.238.34.0,23
160.238.58.0,23
165.17.0.0,16
167.175.0.0,16
175.176.180.0,22
182.255.36.0,22
192.5.240.0,24
192.42.237.0,24
192.43.185.0,24
192.43.198.0,24
192.43.201.0,24
192.43.202.0,24
192.54.137.0,24
192.55.209.0,24
192.70.182.0,23
192.76.252.0,23
192.76.254.0,24
192.83.217.0,24
192.84.71.0,24
192.84.72.0,24
192.84.73.0,24
192.84.242.0,24
192.84.253.0,24
192.86.129.0,24
192.86.165.0,24
192.91.179.0,24
192.101.91.0,24
192.101.183.0,24
192.103.42.0,24
192.103.43.0,24
192.103.130.0,24
192.107.112.0,24
192.108.113.0,24
192.132.93.0,24
192.132.102.0,24
192.133.10.0,24
192.133.21.0,24
192.133.67.0,24
192.135.222.0,24
192.136.59.0,24
192.136.141.0,24
192.136.142.0,24
192.136.143.0,24
192.138.188.0,24
192.153.9.0,24
192.153.158.0,24
192.153.196.0,24
192.153.197.0,24
192.160.226.0,24
192.160.229.0,24
192.172.238.0,24
192.172.239.0,24
192.189.24.0,24
192.189.136.0,24
192.189.230.0,24
192.189.231.0,24
192.189.232.0,24
192.195.10.0,24
192.195.112.0,24
192.203.81.0,24
192.203.82.0,23
192.203.84.0,22
192.203.88.0,21
192.206.108.0,24
192.207.154.0,23
192.231.15.0,24
192.231.77.0,24
192.231.193.0,24
192.231.248.0,24
192.251.204.0,24
192.251.205.0,24
192.251.206.0,24
192.251.227.0,24
192.251.228.0,24
196.3.65.0,24
198.49.2.0,24
198.51.100.0,24
198.51.196.0,24
198.61.1.0,24
198.61.2.0,24
198.61.3.0,24
202.0.71.0,24
202.0.82.0,24
202.0.83.0,24
202.0.102.0,24
202.0.113.0,24
202.0.114.0,24
202.0.121.0,24
202.1.224.0,21
202.2.16.0,20
202.2.32.0,20
202.2.48.0,22
202.6.5.0,24
202.6.79.0,24
202.9.83.0,24
202.12.23.0,24
202.12.110.0,24
202.12.126.0,24
202.14.137.0,24
202.14.141.0,24
202.14.143.0,24
202.14.144.0,24
202.14.210.0,24
202.14.211.0,24
202.14.212.0,24
202.14.214.0,24
202.14.230.0,24
202.20.112.0,24
202.21.16.0,20
202.21.155.0,24
202.22.0.0,21
202.27.37.0,24
202.27.60.0,22
202.27.68.0,24
202.27.71.0,24
202.27.80.0,24
202.27.81.0,24
202.27.84.0,24
202.27.112.0,24
202.27.118.0,24
202.27.119.0,24
202.27.120.0,22
202.27.138.0,24
202.27.139.0,24
202.27.144.0,24
202.27.145.0,24
202.27.152.0,22
202.27.161.0,24
202.27.162.0,23
202.27.164.0,22
202.27.168.0,24
202.27.172.0,22
202.27.189.0,24
202.27.190.0,24
202.27.208.0,24
202.27.220.0,24
202.27.223.0,24
202.27.224.0,24
202.27.225.0,24
202.27.228.0,24
202.27.232.0,23
202.27.237.0,24
202.27.244.0,23
202.27.248.0,24
202.27.253.0,24
202.36.35.0,24
202.36.42.0,24
202.36.46.0,24
202.36.73.0,24
202.36.82.0,24
202.36.89.0,24
202.36.104.0,23
202.36.107.0,24
202.36.119.0,24
202.36.120.0,24
202.36.124.0,24
202.36.125.0,24
202.36.129.0,24
202.36.140.0,24
202.36.147.0,24
202.36.148.0,24
202.36.156.0,24
202.36.171.0,24
202.36.176.0,23
202.36.196.0,24
202.36.198.0,24
202.36.201.0,24
202.36.203.0,24
202.36.206.0,23
202.36.208.0,24
202.36.213.0,24
202.36.232.0,24
202.36.234.0,24
202.36.236.0,23
202.36.238.0,24
202.36.241.0,24
202.37.16.0,24
202.37.18.0,24
202.37.22.0,24
202.37.27.0,24
202.37.28.0,22
202.37.55.0,24
202.37.57.0,24
202.37.66.0,23
202.37.79.0,24
202.37.90.0,23
202.37.92.0,24
202.37.98.0,24
202.37.112.0,24
202.37.128.0,24
202.37.130.0,23
202.37.132.0,24
202.37.135.0,24
202.37.139.0,24
202.37.156.0,22
202.37.162.0,24
202.37.164.0,24
202.37.165.0,24
202.37.172.0,24
202.37.174.0,23
202.37.177.0,24
202.37.180.0,24
202.37.186.0,24
202.37.188.0,22
202.37.195.0,24
202.37.218.0,23
202.37.222.0,24
202.37.233.0,24
202.37.234.0,24
202.37.240.0,23
202.37.248.0,24
202.37.252.0,24
202.38.32.0,20
202.40.130.0,23
202.40.147.0,24
202.41.129.0,24
202.44.100.0,22
202.45.4.0,23
202.45.8.0,23
202.49.44.0,23
202.49.46.0,23
202.49.60.0,23
202.49.76.0,24
202.49.77.0,24
202.49.84.0,24
202.49.85.0,24
202.49.86.0,24
202.49.90.0,24
202.49.104.0,24
202.49.105.0,24
202.49.108.0,23
202.49.110.0,24
202.49.111.0,24
202.49.122.0,24
202.49.146.0,23
202.49.166.0,23
202.49.170.0,24
202.49.188.0,24
202.49.191.0,24
202.49.197.0,24
202.49.207.0,24
202.49.224.0,22
202.49.228.0,22
202.49.250.0,24
202.50.58.0,24
202.50.59.0,24
202.50.64.0,21
202.50.87.0,24
202.50.91.0,24
202.50.96.0,23
202.50.98.0,23
202.50.101.0,24
202.50.103.0,24
202.50.108.0,24
202.50.114.0,24
202.50.118.0,24
202.50.123.0,24
202.50.152.0,23
202.50.167.0,24
202.50.168.0,24
202.50.175.0,24
202.50.177.0,24
202.50.178.0,23
202.50.221.0,24
202.50.223.0,24
202.50.244.0,24
202.50.248.0,22
202.50.255.0,24
202.56.176.0,20
202.58.100.0,24
202.60.128.0,22
202.61.0.0,24
202.61.112.0,23
202.62.247.0,24
202.71.178.0,24
202.71.180.0,23
202.71.184.0,23
202.71.187.0,24
202.71.188.0,23
202.72.252.0,22
202.90.0.0,22
202.92.0.0,22
202.93.0.0,22
202.94.0.0,19
202.95.252.0,22
202.125.111.0,24
202.127.160.0,21
202.127.209.0,24
202.136.92.0,22
202.173.4.0,24
203.0.36.0,24
203.0.37.0,24
203.0.98.0,24
203.0.102.0,24
203.0.112.0,24
203.0.113.0,24
203.0.136.0,24
203.0.145.0,24
203.0.147.0,24
203.0.154.0,24
203.0.160.0,21
203.1.0.0,24
203.1.1.0,24
203.1.17.0,24
203.1.78.0,24
203.1.89.0,24
203.1.92.0,22
203.1.255.0,24
203.2.76.0,22
203.2.142.0,23
203.2.148.0,24
203.2.200.0,23
203.2.204.0,22
203.2.211.0,24
203.2.212.0,23
203.2.225.0,24
203.3.74.0,24
203.3.134.0,24
203.3.136.0,24
203.3.140.0,23
203.4.135.0,24
203.4.150.0,24
203.4.156.0,22
203.5.30.0,24
203.5.50.0,24
203.5.51.0,24
203.5.72.0,24
203.5.74.0,24
203.5.75.0,24
203.5.168.0,22
203.5.187.0,24
203.5.191.0,24
203.5.213.0,24
203.6.135.0,24
203.6.156.0,24
203.6.247.0,24
203.7.144.0,23
203.7.156.0,23
203.7.194.0,24
203.7.195.0,24
203.7.201.0,24
203.7.208.0,20
203.8.1.0,24
203.8.20.0,24
203.8.64.0,22
203.8.88.0,24
203.8.94.0,24
203.8.105.0,24
203.8.108.0,24
203.8.164.0,24
203.8.193.0,24
203.8.218.0,24
203.8.219.0,24
203.9.60.0,24
203.9.61.0,24
203.9.80.0,20
203.9.105.0,24
203.10.80.0,22
203.10.108.0,23
203.10.123.0,24
203.11.88.0,23
203.11.113.0,24
203.11.123.0,24
203.11.127.0,24
203.11.216.0,24
203.11.219.0,24
203.12.22.0,24
203.12.37.0,24
203.12.54.0,24
203.12.58.0,23
203.12.98.0,24
203.12.112.0,24
203.12.113.0,24
203.12.124.0,22
203.12.138.0,24
203.12.209.0,24
203.12.210.0,24
203.12.224.0,24
203.12.232.0,24
203.12.233.0,24
203.13.20.0,24
203.13.25.0,24
203.13.34.0,24
203.13.39.0,24
203.13.46.0,24
203.13.47.0,24
203.13.48.0,21
203.13.91.0,24
203.13.167.0,24
203.13.175.0,24
203.13.176.0,20
203.13.232.0,24
203.13.235.0,24
203.13.238.0,23
203.14.21.0,24
203.14.51.0,24
203.14.55.0,24
203.14.57.0,24
203.14.58.0,24
203.14.63.0,24
203.14.110.0,24
203.14.119.0,24
203.14.167.0,24
203.14.198.0,24
203.14.209.0,24
203.14.248.0,21
203.15.66.0,24
203.15.108.0,24
203.15.110.0,24
203.15.133.0,24
203.15.138.0,24
203.15.148.0,24
203.15.175.0,24
203.15.224.0,24
203.15.245.0,24
203.15.251.0,24
203.15.252.0,24
203.16.35.0,24
203.16.48.0,24
203.16.134.0,24
203.16.144.0,20
203.16.169.0,24
203.16.171.0,24
203.16.174.0,24
203.16.188.0,22
203.16.237.0,24
203.16.244.0,24
203.17.6.0,24
203.17.9.0,24
203.17.19.0,24
203.17.53.0,24
203.17.57.0,24
203.17.94.0,24
203.17.104.0,21
203.17.114.0,24
203.17.115.0,24
203.17.155.0,24
203.17.160.0,24
203.17.161.0,24
203.17.224.0,24
203.17.227.0,24
203.18.6.0,24
203.18.19.0,24
203.18.40.0,21
203.18.57.0,24
203.18.84.0,24
203.18.95.0,24
203.18.128.0,24
203.18.141.0,24
203.18.142.0,24
203.18.143.0,24
203.18.145.0,24
203.18.150.0,24
203.18.161.0,24
203.18.214.0,24
203.18.246.0,24
203.19.57.0,24
203.19.62.0,24
203.19.71.0,24
203.19.76.0,24
203.19.100.0,24
203.19.108.0,23
203.19.139.0,24
203.19.148.0,24
203.19.151.0,24
203.19.164.0,23
203.19.167.0,24
203.19.180.0,22
203.19.184.0,22
203.19.235.0,24
203.19.250.0,24
203.20.24.0,24
203.20.25.0,24
203.20.58.0,24
203.20.77.0,24
203.20.80.0,24
203.20.123.0,24
203.20.151.0,24
203.21.3.0,24
203.21.11.0,24
203.21.13.0,24
203.21.19.0,24
203.21.35.0,24
203.21.38.0,24
203.21.73.0,24
203.21.86.0,24
203.21.92.0,23
203.21.107.0,24
203.21.122.0,23
203.21.132.0,24
203.21.144.0,24
203.21.146.0,24
203.21.147.0,24
203.21.148.0,23
203.22.66.0,24
203.22.75.0,24
203.22.160.0,24
203.22.172.0,22
203.22.187.0,24
203.22.192.0,24
203.22.197.0,24
203.22.198.0,23
203.22.217.0,24
203.22.240.0,24
203.22.249.0,24
203.22.250.0,24
203.22.254.0,24
203.23.3.0,24
203.23.6.0,24
203.23.23.0,24
203.23.28.0,24
203.23.40.0,24
203.23.51.0,24
203.23.80.0,22
203.23.84.0,24
203.23.91.0,24
203.23.108.0,24
203.23.110.0,24
203.23.113.0,24
203.23.117.0,24
203.23.124.0,24
203.23.132.0,22
203.23.137.0,24
203.23.170.0,24
203.23.174.0,24
203.23.181.0,24
203.23.193.0,24
203.24.8.0,24
203.24.12.0,24
203.24.21.0,24
203.24.24.0,24
203.24.37.0,24
203.24.46.0,24
203.24.47.0,24
203.24.82.0,23
203.24.94.0,24
203.24.125.0,24
203.24.128.0,24
203.24.131.0,24
203.24.138.0,23
203.24.151.0,24
203.24.156.0,24
203.24.168.0,23
203.24.173.0,24
203.24.176.0,24
203.24.178.0,24
203.24.184.0,24
203.24.185.0,24
203.24.192.0,24
203.24.193.0,24
203.24.196.0,24
203.24.203.0,24
203.24.204.0,24
203.24.215.0,24
203.24.216.0,24
203.24.220.0,23
203.24.241.0,24
203.25.30.0,24
203.25.36.0,22
203.25.56.0,21
203.25.87.0,24
203.25.101.0,24
203.25.112.0,22
203.25.117.0,24
203.25.122.0,24
203.25.133.0,24
203.25.145.0,24
203.25.148.0,24
203.25.152.0,24
203.25.160.0,24
203.25.168.0,24
203.25.177.0,24
203.25.178.0,24
203.25.184.0,24
203.25.188.0,24
203.25.190.0,24
203.25.197.0,24
203.25.225.0,24
203.25.228.0,24
203.25.243.0,24
203.25.244.0,24
203.26.0.0,24
203.26.3.0,24
203.26.5.0,24
203.26.15.0,24
203.26.33.0,24
203.26.44.0,24
203.26.46.0,24
203.26.61.0,24
203.26.64.0,24
203.26.82.0,23
203.26.92.0,24
203.26.104.0,24
203.26.106.0,24
203.26.109.0,24
203.26.111.0,24
203.26.127.0,24
203.26.137.0,24
203.26.140.0,24
203.26.141.0,24
203.26.152.0,24
203.26.153.0,24
203.26.172.0,24
203.26.191.0,24
203.26.209.0,24
203.26.216.0,24
203.26.238.0,23
203.26.246.0,24
203.26.247.0,24
203.27.9.0,24
203.27.13.0,24
203.27.14.0,24
203.27.29.0,24
203.27.32.0,24
203.27.33.0,24
203.27.48.0,24
203.27.54.0,23
203.27.57.0,24
203.27.59.0,24
203.27.76.0,24
203.27.79.0,24
203.27.89.0,24
203.27.110.0,24
203.27.119.0,24
203.27.120.0,24
203.27.206.0,23
203.27.217.0,24
203.27.219.0,24
203.27.224.0,24
203.27.236.0,24
203.27.240.0,24
203.27.243.0,24
203.27.254.0,24
203.28.16.0,24
203.28.23.0,24
203.28.31.0,24
203.28.39.0,24
203.28.40.0,24
203.28.61.0,24
203.28.62.0,24
203.28.87.0,24
203.28.96.0,21
203.28.104.0,23
203.28.108.0,22
203.28.132.0,24
203.28.138.0,24
203.28.144.0,24
203.28.148.0,24
203.28.149.0,24
203.28.157.0,24
203.28.158.0,24
203.28.161.0,24
203.28.163.0,24
203.28.182.0,24
203.28.198.0,24
203.28.221.0,24
203.28.233.0,24
203.28.237.0,24
203.29.6.0,24
203.29.12.0,24
203.29.25.0,24
203.29.29.0,24
203.29.37.0,24
203.29.38.0,23
203.29.40.0,24
203.29.42.0,24
203.29.43.0,24
203.29.66.0,24
203.29.79.0,24
203.29.102.0,24
203.29.119.0,24
203.29.126.0,24
203.29.211.0,24
203.29.212.0,24
203.29.216.0,24
203.29.218.0,24
203.29.223.0,24
203.29.226.0,24
203.29.228.0,24
203.29.235.0,24
203.29.239.0,24
203.29.249.0,24
203.29.250.0,23
203.30.21.0,24
203.30.22.0,24
203.30.36.0,24
203.30.37.0,24
203.30.51.0,24
203.30.52.0,22
203.30.67.0,24
203.30.69.0,24
203.30.70.0,24
203.30.73.0,24
203.30.74.0,24
203.30.108.0,24
203.30.128.0,23
203.30.130.0,24
203.30.134.0,24
203.30.139.0,24
203.30.144.0,24
203.30.153.0,24
203.30.154.0,24
203.30.160.0,24
203.30.163.0,24
203.30.167.0,24
203.30.170.0,24
203.30.172.0,24
203.30.183.0,24
203.30.214.0,23
203.30.218.0,24
203.30.238.0,24
203.30.243.0,24
203.30.249.0,24
203.31.17.0,24
203.31.20.0,23
203.31.26.0,23
203.31.50.0,24
203.31.68.0,24
203.31.73.0,24
203.31.95.0,24
203.31.102.0,24
203.31.104.0,24
203.31.112.0,24
203.31.113.0,24
203.31.127.0,24
203.31.128.0,19
203.31.163.0,24
203.31.173.0,24
203.31.178.0,23
203.31.180.0,24
203.31.186.0,24
203.31.188.0,24
203.31.193.0,24
203.31.194.0,24
203.31.211.0,24
203.31.215.0,24
203.31.224.0,24
203.31.247.0,24
203.31.250.0,24
203.32.37.0,24
203.32.46.0,24
203.32.51.0,24
203.32.53.0,24
203.32.63.0,24
203.32.88.0,24
203.32.90.0,24
203.32.104.0,24
203.32.109.0,24
203.32.112.0,22
203.32.138.0,24
203.32.139.0,24
203.32.156.0,24
203.32.158.0,24
203.32.179.0,24
203.32.182.0,24
203.32.189.0,24
203.32.198.0,24
203.32.199.0,24
203.32.214.0,23
203.32.216.0,23
203.32.222.0,24
203.33.0.0,24
203.33.18.0,23
203.33.31.0,24
203.33.37.0,24
203.33.46.0,24
203.33.48.0,24
203.33.49.0,24
203.33.50.0,24
203.33.52.0,24
203.33.53.0,24
203.33.54.0,24
203.33.56.0,24
203.33.62.0,24
203.33.66.0,24
203.33.75.0,24
203.33.104.0,24
203.33.105.0,24
203.33.110.0,24
203.33.120.0,24
203.33.125.0,24
203.33.126.0,24
203.33.135.0,24
203.33.147.0,24
203.33.169.0,24
203.33.170.0,24
203.33.177.0,24
203.33.209.0,24
203.33.210.0,24
203.33.211.0,24
203.33.212.0,23
203.33.216.0,24
203.33.220.0,23
203.33.222.0,24
203.34.7.0,24
203.34.10.0,24
203.34.14.0,24
203.34.19.0,24
203.34.20.0,24
203.34.32.0,24
203.34.38.0,24
203.34.62.0,24
203.34.70.0,23
203.34.84.0,24
203.34.94.0,24
203.34.95.0,24
203.34.96.0,24
203.34.120.0,24
203.34.121.0,24
203.34.128.0,24
203.34.145.0,24
203.34.146.0,24
203.34.149.0,24
203.34.182.0,24
203.34.184.0,24
203.34.188.0,24
203.34.191.0,24
203.34.208.0,23
203.34.211.0,24
203.34.222.0,24
203.34.234.0,24
203.55.12.0,24
203.55.16.0,24
203.55.17.0,24
203.55.24.0,24
203.55.31.0,24
203.55.46.0,23
203.55.52.0,24
203.55.62.0,24
203.55.64.0,24
203.55.70.0,24
203.55.74.0,24
203.55.94.0,24
203.55.99.0,24
203.55.105.0,24
203.55.113.0,24
203.55.145.0,24
203.55.161.0,24
203.55.169.0,24
203.55.189.0,24
203.55.190.0,24
203.55.213.0,24
203.55.223.0,24
203.55.248.0,23
203.55.253.0,24
203.55.255.0,24
203.56.8.0,22
203.56.20.0,24
203.56.39.0,24
203.56.64.0,22
203.56.72.0,22
203.56.76.0,24
203.56.77.0,24
203.56.78.0,24
203.56.79.0,24
203.56.103.0,24
203.56.104.0,24
203.56.105.0,24
203.56.111.0,24
203.56.116.0,23
203.56.124.0,24
203.56.125.0,24
203.56.160.0,24
203.56.164.0,24
203.56.171.0,24
203.56.199.0,24
203.56.202.0,23
203.56.234.0,24
203.57.9.0,24
203.57.21.0,24
203.57.26.0,24
203.57.32.0,24
203.57.52.0,22
203.57.59.0,24
203.57.60.0,24
203.57.67.0,24
203.57.68.0,24
203.57.72.0,24
203.57.84.0,24
203.57.86.0,23
203.57.97.0,24
203.57.100.0,24
203.57.102.0,24
203.57.103.0,24
203.57.104.0,24
203.57.105.0,24
203.57.107.0,24
203.57.108.0,24
203.57.111.0,24
203.57.116.0,24
203.57.121.0,24
203.57.149.0,24
203.57.150.0,23
203.57.199.0,24
203.57.220.0,23
203.57.242.0,24
203.57.244.0,24
203.62.136.0,23
203.62.140.0,24
203.62.144.0,24
203.62.145.0,24
203.62.170.0,24
203.62.191.0,24
203.62.199.0,24
203.62.204.0,24
203.89.0.0,22
203.99.32.0,21
203.99.142.0,24
203.119.42.0,23
203.119.92.0,23
203.119.96.0,22
203.160.138.0,23
203.170.90.0,23
203.174.0.0,22
203.202.234.0,24
203.217.152.0,22
203.223.0.0,20
218.100.20.0,24
218.100.46.0,23
218.100.51.0,24
218.100.59.0,24
218.100.68.0,24
218.100.70.0,24
218.100.79.0,24
218.100.86.0,24
